file_name,topic,relative_path,file_size_kb
burnout_wellbeing.pdf,career_and_work,career_and_work\burnout_wellbeing.pdf,519.72
manage_stress.pdf,career_and_work,career_and_work\manage_stress.pdf,155.52
signs_strategies_burnout.pdf,career_and_work,career_and_work\signs_strategies_burnout.pdf,246.39
stress_finding_job.pdf,career_and_work,career_and_work\stress_finding_job.pdf,693.53
stress_resilience.pdf,career_and_work,career_and_work\stress_resilience.pdf,159.74
tips_job_search.pdf,career_and_work,career_and_work\tips_job_search.pdf,323.04
work_life_balance.pdf,career_and_work,career_and_work\work_life_balance.pdf,818.07
workplace_stress_overview.pdf,career_and_work,career_and_work\workplace_stress_overview.pdf,6073.79
digital_wellbeing.pdf,daily_life,daily_life\digital_wellbeing.pdf,158.72
manage_screentime.pdf,daily_life,daily_life\manage_screentime.pdf,1009.96
sunshine_screentime.pdf,daily_life,daily_life\sunshine_screentime.pdf,3850.55
support_digital_wellness.pdf,daily_life,daily_life\support_digital_wellness.pdf,1447.13
time_management.pdf,daily_life,daily_life\time_management.pdf,807.8
wellness_online.pdf,daily_life,daily_life\wellness_online.pdf,2528.41
nature_based_mind_body.pdf,education,education\nature_based_mind_body.pdf,908.17
reduce_anxiety.pdf,education,education\reduce_anxiety.pdf,1734.82
skill_overcome_anxiety.pdf,education,education\skill_overcome_anxiety.pdf,5612.89
test_anxiety_effects.pdf,education,education\test_anxiety_effects.pdf,1787.17
test_anxiety_medical_students.pdf,education,education\test_anxiety_medical_students.pdf,446.8
tip_for_exam.pdf,education,education\tip_for_exam.pdf,817.54
family_based_interventions.pdf,family,family\family_based_interventions.pdf,680.51
parents_caregivers.pdf,family,family\parents_caregivers.pdf,102.01
parents_youth_mental_health.pdf,family,family\parents_youth_mental_health.pdf,3541.02
positive_parents.pdf,family,family\positive_parents.pdf,364.46
resources.pdf,family,family\resources.pdf,290.16
talking_with_children.pdf,family,family\talking_with_children.pdf,13084.14
budget_create_stick.pdf,financial_concerns,financial_concerns\budget_create_stick.pdf,1510.87
family_financial_stress.pdf,financial_concerns,financial_concerns\family_financial_stress.pdf,775.29
framework_financial.pdf,financial_concerns,financial_concerns\framework_financial.pdf,851.37
guide_financial_wellness.pdf,financial_concerns,financial_concerns\guide_financial_wellness.pdf,907.72
keep_junk_fee_away.pdf,financial_concerns,financial_concerns\keep_junk_fee_away.pdf,198.38
recovering_financial.pdf,financial_concerns,financial_concerns\recovering_financial.pdf,392.29
about_mental_health.pdf,general_support,general_support\about_mental_health.pdf,9871.04
cope_mental_health.pdf,general_support,general_support\cope_mental_health.pdf,91.01
meeting_needs_saving_lives.pdf,general_support,general_support\meeting_needs_saving_lives.pdf,4535.34
metal_health_resources_to_know.pdf,general_support,general_support\metal_health_resources_to_know.pdf,562.94
navigate_mental_health_resources.pdf,general_support,general_support\navigate_mental_health_resources.pdf,27215.95
understand_psychosis.pdf,general_support,general_support\understand_psychosis.pdf,457.14
bereavement_programs.pdf,grief_and_loss,grief_and_loss\bereavement_programs.pdf,650.02
coping_bereavement_grief.pdf,grief_and_loss,grief_and_loss\coping_bereavement_grief.pdf,577.27
coping_grief_loss.pdf,grief_and_loss,grief_and_loss\coping_grief_loss.pdf,257.29
function_care.pdf,grief_and_loss,grief_and_loss\function_care.pdf,866.17
manage_grief_loss.pdf,grief_and_loss,grief_and_loss\manage_grief_loss.pdf,1372.78
transitions_dying_bereavement.pdf,grief_and_loss,grief_and_loss\transitions_dying_bereavement.pdf,88.18
effect_physical_sleep.pdf,health_and_welness,health_and_welness\effect_physical_sleep.pdf,335.76
improve_sleep.pdf,health_and_welness,health_and_welness\improve_sleep.pdf,287.58
promoting_health_sleep.pdf,health_and_welness,health_and_welness\promoting_health_sleep.pdf,2170.35
selfcare_health_wellbeing.pdf,health_and_welness,health_and_welness\selfcare_health_wellbeing.pdf,165.15
selfcare_tips.pdf,health_and_welness,health_and_welness\selfcare_tips.pdf,1143.15
way_improve_health_habit.pdf,health_and_welness,health_and_welness\way_improve_health_habit.pdf,2112.63
connect_others.pdf,loneliness,loneliness\connect_others.pdf,1260.06
connection_prescription.pdf,loneliness,loneliness\connection_prescription.pdf,762.62
loneliness_isolation.pdf,loneliness,loneliness\loneliness_isolation.pdf,8584.64
social_connection.pdf,loneliness,loneliness\social_connection.pdf,957.75
social_connection_improve_health.pdf,loneliness,loneliness\social_connection_improve_health.pdf,163.31
social_connection_recreation.pdf,loneliness,loneliness\social_connection_recreation.pdf,1516.61
connection_emotional_intelligence_wellbeing.pdf,personal_growth,personal_growth\connection_emotional_intelligence_wellbeing.pdf,121.45
goal_setting_flourish.pdf,personal_growth,personal_growth\goal_setting_flourish.pdf,239.2
habit_improve_mood.pdf,personal_growth,personal_growth\habit_improve_mood.pdf,1767.7
harness_power_habit.pdf,personal_growth,personal_growth\harness_power_habit.pdf,847.34
progress_goal.pdf,personal_growth,personal_growth\progress_goal.pdf,200.1
wellbeing_technology.pdf,personal_growth,personal_growth\wellbeing_technology.pdf,3370.34
conflict_resolution.pdf,relationships,relationships\conflict_resolution.pdf,2796.67
happy_couples.pdf,relationships,relationships\happy_couples.pdf,527.61
love_stress_support.pdf,relationships,relationships\love_stress_support.pdf,1685.73
managing_conflict.pdf,relationships,relationships\managing_conflict.pdf,189.94
mindfulness_relationship.pdf,relationships,relationships\mindfulness_relationship.pdf,570.65
stay_or_go.pdf,relationships,relationships\stay_or_go.pdf,333.47
give_yourself_a_break.pdf,self_confidence,self_confidence\give_yourself_a_break.pdf,358.88
low_self_esteem.pdf,self_confidence,self_confidence\low_self_esteem.pdf,489.86
practice_compassion.pdf,self_confidence,self_confidence\practice_compassion.pdf,490.59
practice_self_compassion.pdf,self_confidence,self_confidence\practice_self_compassion.pdf,465.18
role_self_compassion.pdf,self_confidence,self_confidence\role_self_compassion.pdf,538.96
self_esteem_compassion.pdf,self_confidence,self_confidence\self_esteem_compassion.pdf,3748.16
caring_mental_health.pdf,stress_and_anxiety,stress_and_anxiety\caring_mental_health.pdf,212.9
mindfulness_practice.pdf,stress_and_anxiety,stress_and_anxiety\mindfulness_practice.pdf,226.48
positive_thinking.pdf,stress_and_anxiety,stress_and_anxiety\positive_thinking.pdf,238.58
prevention_anxiety.pdf,stress_and_anxiety,stress_and_anxiety\prevention_anxiety.pdf,21414.08
reduce_stress.pdf,stress_and_anxiety,stress_and_anxiety\reduce_stress.pdf,206.32
stress_management.pdf,stress_and_anxiety,stress_and_anxiety\stress_management.pdf,57.98
